{
    "name": "clarins108",
    "albedo_flake_r": 0.9354606968485742,
    "albedo_flake_g": 0.8388255425958495,
    "albedo_flake_b": 0.7083947323633842,
    "albedo_diff_r": 0.9010113269867233,
    "albedo_diff_g": 0.9001235347686994,
    "albedo_diff_b": 0.8459105535077072,
    "surf_roughs": 0.0,
    "thickness": 16.0,
    "refl_levels": 0,
    "means_or": 52.21632945762673,
    "stds_or": 20.29379624296242,
    "mean_size": 0.4939803387677775,
    "stds_size": 0.0,
    "ior": 1.0,
    "diff_particles_percs": 0.2943142955751231,
    "g1": -0.24848605001202745,
    "g2": -0.17750191823352499,
    "w_g": 0.511965696804593,
    "n_samples": [
        128
    ],
    "distribution": "ggx"
}
