{
    "name": "clarins105",
    "albedo_flake_r": 0.8844227337290353,
    "albedo_flake_g": 0.7000506752592948,
    "albedo_flake_b": 0.7000506752592948,
    "albedo_diff_r": 0.9793348877508202,
    "albedo_diff_g": 0.9339272929585902,
    "albedo_diff_b": 0.8727752196060579,
    "surf_roughs": 0.0,
    "thickness": 16.0,
    "refl_levels": 0,
    "means_or": 49.36250597746052,
    "stds_or": 15.633300502406165,
    "mean_size": 0.0024479767941815713,
    "stds_size": 0.0,
    "ior": 1.0,
    "diff_particles_percs": 0.9936048552028973,
    "g1": -0.23606797749978992,
    "g2": 0.7770876399966351,
    "w_g": 0.20836560949118343,
    "n_samples": [
        128
    ],
    "distribution": "ggx"
}