{
  "name": "clarins105",
  "concentration":[0.9893866709067191],
  "mean":[1.4725644964620308],
  "incident_or":[0.0],
  "sigma": [0.8568653180669277],
  "albedo_flake": [[0.6143425402775088, 0.7087217870142408, 0.8174820865065176]],
  "albedo_diff": [[0.89429836652431908, 0.8130821700512307, 0.7807994445540997 ]],

  
  "g1": [0.2576201861195704],
  "g2": [-0.13606797749978975], 
  "w_g": [0.5],
    "thickness": [0.1],
  "concentration_top":[0.9193866709067191],
  "mean_top":[1.4725644964620308],
  "incident_or_top":[0.0],
  "sigma_top": [0.13568653180669277],
  "albedo_flake_top": [[0.7043425402775088, 0.7587217870142408, 0.8974820865065176]],
  "albedo_diff_top": [[0.8029836652431908, 0.6530821700512307, 0.557994445540997]],  
  
  "g1_top": [0.5576201861195704],
  "g2_top": [-0.23606797749978975], 
  "w_g_top": [0.7],
  "thickness_top": [0.0],

  
  "ior": [1.00],
  "surf_rough": [0.0],
  
  "row_name": "concentration",
  "row_label": "concentration",
  
  "column_name": "thickness",
  "column_label": "thickness",
 
  "experiment_name": "multistack_matte_dewy",
  
  "format_file": "pdf",
  
  "column_values": [0.0,0.15,0.15],
  "row_values":[0.9393866709067191],
  
  "plot_type": "table"
}

