{
    "name": "clarins112",
    "albedo_flake_r": 0.99099935476779,
    "albedo_flake_g": 0.9535261283129035,
    "albedo_flake_b": 0.9055728090000842,
    "albedo_diff_r": 0.99,
    "albedo_diff_g": 0.94,
    "albedo_diff_b": 0.9,
    "surf_roughs": 0.04997800587692428,
    "thickness": 16.0,
    "refl_levels": 0,
    "means_or": 0.0,
    "stds_or": 0.0,
    "mean_size": 0.6641189497373521,
    "stds_size": 0.0,
    "ior": 1.2063858708756625,
    "diff_particles_percs": 0.0,
    "g1": 0.18,
    "g2": -0.24,
    "w_g": 0.54,
    "n_samples": [
        128
    ],
    "distribution": "ggx"
}