{
    "name": "clarins105",
    "albedo_flake_r": 0.9999618721995297,
    "albedo_flake_g": 0.99994932535296,
    "albedo_flake_b": 0.9999493232948122,
    "albedo_diff_r": 0.9951638804281544,
    "albedo_diff_g": 0.9923220467710927,
    "albedo_diff_b": 0.9824713849730319,
    "surf_roughs": 0.0,
    "thickness": 16.0,
    "refl_levels": 0,
    "means_or": 34.171311487480025,
    "stds_or": 14.164078649987381,
    "mean_size": 0.13568653180669277,
    "stds_size": 0.0,
    "ior": 1.0,
    "diff_particles_percs": 0.9393866709067191,
    "g1": 0.5576201861195704,
    "g2": 0.9999516389679555,
    "w_g": 0.8671886469078798,
    "n_samples": [
        128
    ],
    "distribution": "ggx"
}