{
    "name": "clarins103",
    "albedo_flake_r": 0.9120505891780455,
    "albedo_flake_g": 0.9692549599568882,
    "albedo_flake_b": 0.9063744295883039,
    "albedo_diff_r": 0.9188431471268482,
    "albedo_diff_g": 0.8940549024247468,
    "albedo_diff_b": 0.8512508397874521,
    "surf_roughs": 0.0,
    "thickness": 32.0,
    "refl_levels": 0,
    "means_or": 2.0185659580650275,
    "stds_or": 31.449641428011823,
    "mean_size": 0.15365388369110713,
    "stds_size": 0.0,
    "ior": 1.0,
    "diff_particles_percs": 0.8940290760033581,
    "g1": -0.22522680618825147,
    "g2": 0.09659145215393766,
    "w_g": 0.6218857959659415,
    "n_samples": [
        128
    ],
    "distribution": "ggx"
}